id;name;regular_price;promo_price;brand;city
2137988;Кофе растворимый Jardin Kenya Kilimanjaro, сублимированный, 95 г;299.00;;Jardin;Санкт-Петербург
1252103;Кофе сублимированный EGOISTE Noir, стеклянная банка, 100 г;599.00;;EGOISTE;Санкт-Петербург
5938949;Кофе молотый MONARCH TÜRK ESİNTİ (ТУРЕЦКИЙ БРИЗ) ,90г;173.00;;MONARCH;Санкт-Петербург
5989846;Кофе в зернах FRESCO Arabica Barista, 1000 г;1399.00;;FRESCO;Санкт-Петербург
1049646;Кофе растворимый Nescafe Gold Barista, сублимированный с добавлением молотого, 75 г;266.00;;Nescafe;Санкт-Петербург
2140195;"Кофе растворимый Жокей ""Фаворит"", гранулированный, 75 г";178.00;;Жокей;Санкт-Петербург
2694829;Кофе растворимый MONARCH MILIGRANO, молотый в растворимом, 200г;730.00;;MONARCH;Санкт-Петербург
2694830;Кофе растворимый MONARCH CARAMEL, натуральный, сублимированный, 95 г;396.00;;MONARCH;Санкт-Петербург
2694835;Кофе растворимый MONARCH VELOUR, натуральный, порошкообразный, 95 г;290.00;;MONARCH;Санкт-Петербург
1700052;Кофе в капсулах Coffesso, ассорти 3 вкуса, 50 штук;1069.00;;Coffesso;Санкт-Петербург
2694850;Кофе растворимый MONARCH ORIGINAL, сублимированный, 270г;899.00;;MONARCH;Санкт-Петербург
2694844;Кофе растворимый MONARCH ORIGINAL, натуральный, сублимированный, 210 г;673.00;;MONARCH;Санкт-Петербург
2137979;Кофе растворимый Jardin Guatemala Atitlan, сублимированный, 190 г;539.00;;Jardin;Санкт-Петербург
2694852;Кофе растворимый MONARCH ORIGINAL, натуральный, сублимированный, 500 г;1439.00;;MONARCH;Санкт-Петербург
1017216;Кофе растворимый Нескафе Голд, сублимированный, 500 г;1750.00;;Нескафе;Санкт-Петербург
1836412;"Кофе в зернах EGOISTE ""Truffle"", полимерная упаковка, 1 кг";2099.00;;EGOISTE;Санкт-Петербург
2641251;Кофе растворимый Жокей Импер, сублимированный, 75г;201.00;;Жокей;Санкт-Петербург
2641197;Кофе растворимый Jardin Colombia Medellin, сублимированный, 75 г;232.00;;Jardin;Санкт-Петербург
2148174;Кофе сублимированный EGOISTE Double Espresso дой-пак, 70 г;229.00;;EGOISTE;Санкт-Петербург
2694834;Кофе растворимый MONARCH GOLD, натуральный, сублимированный, 500 г;1439.00;;MONARCH;Санкт-Петербург
2391365;Кофе растворимый Московская кофейня на паяхъ, Арабика, 95 г;550.00;;Московская;Санкт-Петербург
1252086;Кофе сублимированный BUSHIDO Original, стеклянная банка, 100 г;909.00;;BUSHIDO;Санкт-Петербург
1836413;Кофе растворимый EGOISTE Noir, полимерная упаковка, 70 г;325.00;;EGOISTE;Санкт-Петербург
2880814;Кофе растворимый Черная Карта Exclusive Brasilia, 75г;207.00;;Черная;Санкт-Петербург
2694841;Кофе растворимый MONARCH ORIGINAL, натуральный, сублимированный, 190 г;697.00;;MONARCH;Санкт-Петербург
2641254;Кофе растворимый ЖОКЕЙ Триумф, сублимированный, 450г;1149.00;;ЖОКЕЙ;Санкт-Петербург
1953143;Кофе молотый Poetti Daily Mokka, натуральный, жареный, 250 г;351.00;;Poetti;Санкт-Петербург
1053651;"Кофе растворимый Нескафе Крема ""Нежная пенка"", 120 г";361.00;;Нескафе;Санкт-Петербург
1821520;"Кофе растворимый CARTE NOIRE ""Elegant"", сублимированный, стеклянная банка, 95 г";569.00;;CARTE;Санкт-Петербург
1067963;Кофе в зернах MONARCH ORIGINAL, натуральный жареный, флоу-пак, 800 г;1350.00;;MONARCH;Санкт-Петербург
1973883;"Кофе молотый BUSHIDO ""Red Katana"", полимерная упаковка, 227 г";664.00;;BUSHIDO;Санкт-Петербург
2419149;Кофе молотый Coffesso MOKKA 250г;340.00;;Coffesso;Санкт-Петербург
1953142;Кофе в зернах Poetti Leggenda ORO, натуральный, жареный, 1 кг;1555.00;;Poetti;Санкт-Петербург
1252107;Кофе молотый EGOISTE Noir, полимерная упаковка, 250 г;689.00;;EGOISTE;Санкт-Петербург
2612213;Kофе рaстворимый Московская кофейня на Паяхъ Арабика, 230 г;1008.00;;Московская;Санкт-Петербург
1821521;"Кофе растворимый CARTE NOIRE ""Original"", сублимированный, стеклянная банка, 95 г";553.00;;CARTE;Санкт-Петербург
1053859;Кофе растворимый Нескафе Голд, сублимированный с добавлением молотого, дой-пак, 190 г;614.00;;Нескафе;Санкт-Петербург
1252099;Кофе сублимированный EGOISTE Platinum, стеклянная банка, 100 г;1042.00;;EGOISTE;Санкт-Петербург
2678953;Kофе растворимый Черная Карта Gold, 190 г;570.00;;Черная;Санкт-Петербург
5867195;Кофе растворимый MacCoffee Arabica, сублимированный, 90 г;299.00;;MacCoffee;Санкт-Петербург
2641189;Кофе в зернах Jardin Colombia Supremo, 1000 г;1617.00;;Jardin;Санкт-Петербург
5847168;Кофе растворимый  Monarch ASIAN SELECTION,сублимированный, 150 г;590.00;;Monarch;Санкт-Петербург
2694849;Кофе растворимый MONARCH ORIGINAL, натуральный, сублимированный, 95 г;418.00;;MONARCH;Санкт-Петербург
2612217;Kофе рaстворимый Московская кофейня на Паяхъ Суаре, 150 г;549.00;;Московская;Санкт-Петербург
1252085;Кофе в зернах BUSHIDO Red Katana, полимерная упаковка, 227 г;635.00;;BUSHIDO;Санкт-Петербург
2678950;Кофе молотый Черная Карта для турки, 250 г;299.00;;Черная;Санкт-Петербург
1017199;Кофе растворимый Nescafe Gold, сублимированный с добавлением молотого, стекл.банка, 190 г;655.00;;Nescafe;Санкт-Петербург
2196248;Кофе Egoiste Truffle растворимый сублимированный, 95г;893.00;;Egoiste;Санкт-Петербург
2641253;Кофе молотый ЖОКЕЙ По-восточному, 450г;690.00;;ЖОКЕЙ;Санкт-Петербург
2158793;Кофе растворимый Nescafe Gold Арома сублимированный с добав. молотого, стекл.банка, 170 г;650.00;;Nescafe;Санкт-Петербург
2678865;Кофе в зернах Ambassador Gold Label, 200 г;366.00;;Ambassador;Санкт-Петербург
2890652;Кофе молотый MONARCH TURKA по-восточному, 200 г;350.00;;MONARCH;Санкт-Петербург
5847153;Кофе молотый CARTE NOIRE Original, натуральный, жареный, 200г;538.00;;CARTE;Санкт-Петербург
2046025;Кофейный напиток MacCoffee Cappuccino di Torino с шоколадной крошкой 20шт х 25,5г;442.00;;MacCoffee;Санкт-Петербург
2678952;Кофе Черная Карта в зёрнах, 1000 г;1389.00;;Черная;Санкт-Петербург
1836315;"Кофе в зернах BUSHIDO ""Sensei"", полимерная упаковка, 227 г";599.00;;BUSHIDO;Санкт-Петербург
2612224;Kофе рaстворимый Московская кофейня на Паяхъ Мокко, 230 г;769.00;;Московская;Санкт-Петербург
5760054;Кофе натуральный растворимый сублимированный MONARCH ORIGINAL 160г;599.00;;MONARCH;Санкт-Петербург
2641214;Кофе молотый Piazza del Caffe Gusto Forte, 250 г;411.00;;Piazza;Санкт-Петербург
1973884;"Кофе молотый BUSHIDO ""Sensei"", полимерная упаковка, 227 г";678.00;;BUSHIDO;Санкт-Петербург
2694840;Кофе растворимый MONARCH BRAZILIAN SELECTION, натуральный, сублимированный, 180г;669.00;;MONARCH;Санкт-Петербург
2597855;Кофе в зернах MacCoffee PURE Arabica Crema, 1 кг;1799.00;;MacCoffee;Санкт-Петербург
1853455;"Кофе Coffesso ""Classico Italianо"", молотый в дрип-пакетах, 5 штук";195.00;;Coffesso;Санкт-Петербург
2391133;Кофе в зернах Московская кофейня на паяхъ, Арабика, 250г;579.00;;Московская;Санкт-Петербург
1836410;"Кофе в зернах EGOISTE ""Truffle"", полимерная упаковка, 250 г";630.00;;EGOISTE;Санкт-Петербург
2287661;Кофе зерновой EGOISTE Velvet, полимерная упаковка, 200 г;549.00;;EGOISTE;Санкт-Петербург
1049639;Кофе растворимый Nescafe Gold, сублимированный с добавлением молотого, дой-пак, 75 г;265.00;;Nescafe;Санкт-Петербург
1974017;"Кофейный напиток Torabika ""Creamy Latte"", с мягким сливочным вкусом, 20 штук по 30 г";338.00;;Torabika;Санкт-Петербург
1049560;Кофе растворимый NESCAFE Classic, с добавлением натурального жареного молотого кофе, 190 г;476.00;;NESCAFE;Санкт-Петербург
1252101;Кофе сублимированный EGOISTE Special, стеклянная банка, 100 г;899.00;;EGOISTE;Санкт-Петербург
5989856;Кофе растворимый FRESCO Arabica blend, сублимированный, 100 г;375.00;;FRESCO;Санкт-Петербург
1836313;"Кофе растворимый BUSHIDO ""Black Katana"", стеклянная банка, 100 г";999.00;;BUSHIDO;Санкт-Петербург
2694853;Кофе растворимый MONARCH MILIGRANO, молотый в растворимом, 90 г;400.00;;MONARCH;Санкт-Петербург
1953133;Кофе в зернах Poetti Arabica, натуральный, жареный, 1 кг;1667.00;;Poetti;Санкт-Петербург
2694831;Кофе растворимый MONARCH MILIGRANO, молотый в растворимом, 120 г;500.00;;MONARCH;Санкт-Петербург
1973795;Кофе в зернах EGOISTE Noir, полимерная упаковка, 250 г;659.00;;EGOISTE;Санкт-Петербург
2098598;"Кофе растворимый Nescafe Classic ""Crema"", порошкообразный, 95 г";315.00;;Nescafe;Санкт-Петербург
2873030;"Кофе молотый ЖОКЕЙ ""Имбирный десерт"", 150 г";303.00;;ЖОКЕЙ;Санкт-Петербург
2694846;Кофе в капсулах Monarch Espresso 10 Intenso, для системы Nespresso, 10 штук;268.00;;Monarch;Санкт-Петербург
5847146;Кофе молотый CARTE NOIRE PREMIER CRU PERU, натуральный жареный, 200 г;557.00;;CARTE;Санкт-Петербург
2694842;Кофе растворимый MONARCH HAZELNUT, натуральный, сублимированный, 95 г;478.00;;MONARCH;Санкт-Петербург
5938961;Кофе молотый Monarch Brazilian Selection, натуральный, жареный, 230 г;435.00;;Monarch;Санкт-Петербург
2597863;Кофе растворимый MacCoffee Gold, сублимированный, 150г;409.00;;MacCoffee;Санкт-Петербург
2641201;Кофе молотый Jardin Colombia Supremo, 250 г;450.00;;Jardin;Санкт-Петербург
5938881;Кофе растворимый CARTE NOIRE VOYAGE AU JAPAN сублимированный , 90г;569.00;;CARTE;Санкт-Петербург
1973990;Кофейный напиток Torabika Cappucino с пакетиком шоколадной крошки упаковка, 20 порций;463.00;;Torabika;Санкт-Петербург
5938946;Кофе растворимый Monarch сублимированный  с ароматом шоколадного трюфеля 95 г;471.00;;Monarch;Санкт-Петербург
5938955;Кофе молотый в дрип-пакетах MONARCH MIX: АРАБИКА ПЕРУ, БРАЗИЛИЯ, КОЛУМБИЯ, 6 штук по 11 г;283.00;;MONARCH;Санкт-Петербург
2391184;Кофе молотый Monarch Original, 230г;408.00;;Monarch;Санкт-Петербург
2694837;Кофе растворимый MONARCH GOLD, натуральный, сублимированный, 95 г;399.00;;MONARCH;Санкт-Петербург
1973796;Кофе в зернах EGOISTE Espresso, полимерная упаковка, 250 г;699.00;;EGOISTE;Санкт-Петербург
2137986;Кофе зерновой Jardin Espresso di Milano, 1 кг;1514.00;;Jardin;Санкт-Петербург
2138003;"Кофе растворимый Jardin ""Colombia Medellin"", сублимированный, 95 г";364.00;;Jardin;Санкт-Петербург
1944204;Кофе в капсулах LOR Espresso Ristretto, натуральный, жареный, 10 капсул по 52 г;299.00;;LOR;Санкт-Петербург
1944200;Кофе в капсулах LOR Espresso Delizioso, натуральный, жареный, 10 капсул по 52 г;289.00;;LOR;Санкт-Петербург
2641255;Кофе молотый ЖОКЕЙ Классический, 250г;357.00;;ЖОКЕЙ;Санкт-Петербург
2803349;Кофе растворимый Нескафе Голд Крема, 170 г;599.00;;Нескафе;Санкт-Петербург
2287671;Кофе в зернах EGOISTE Voyage, полимерная упаковка, 1000г;2071.00;;EGOISTE;Санкт-Петербург
1017206;Кофе растворимый Nescafe Classic порошкообразный, дой-пак, 130 г;332.00;;Nescafe;Санкт-Петербург
2612216;Kофе рaстворимый Московская кофейня на Паяхъ Суаре, 230 г;817.00;;Московская;Санкт-Петербург
2287579;Кофе сублимированный BUSHIDO Original, полимерная упаковка, 75г;773.00;;BUSHIDO;Санкт-Петербург
2287669;Кофе в зернах EGOISTE Captain, полимерная упаковка, 1 кг;2236.00;;EGOISTE;Санкт-Петербург
2140206;"Кофе растворимый Жокей ""Фаворит"", гранулированный, 150 г";375.00;;Жокей;Санкт-Петербург
2890651;Напиток кофейный растворимый MONARCH CLASSIC 3 в 1, 24 штуки х 13,5 г;389.00;;Напиток;Санкт-Петербург
2845181;Kофе молотый Московская кофейня на Паяхъ ESPRESSO, 250 г;501.00;;Московская;Санкт-Петербург
2137980;Кофе растворимый ЖАРДИН Колумбия Меделлин субл., м/уп., 150 г;554.00;;ЖАРДИН;Санкт-Петербург
2824261;Кофе в зернах MILAGRO Intense Taste, 800 г;1016.00;;MILAGRO;Санкт-Петербург
1252105;Кофе в зернах EGOISTE Noir, полимерная упаковка, 1 кг;2492.00;;EGOISTE;Санкт-Петербург
2873008;Кофе растворимый Jardin Кения Килиманджаро, сублимированный, 150 г;471.00;;Jardin;Санкт-Петербург
2163804;Кофейный напиток MacCoffee 3в1 со вкусом сгущенного молока растворимый 10шт х 20г;160.00;;MacCoffee;Санкт-Петербург
2562230;Кофе в зернах Poetti Daily Classic Intenso, 450 г;746.00;;Poetti;Санкт-Петербург
5609263;Кофе в дрип-пакетах COFFESSO со вкусом и ароматом фисташки и малины, 5 штук по 10 г;285.00;;COFFESSO;Санкт-Петербург
2306891;Капсулы Coffesso Lungo Intenso для кофемашины Dolce Gusto, 16 штук, 104 гр;619.00;;Капсулы;Санкт-Петербург
2306898;Капсулы Coffesso CAFE AU LAIT для кофемашины Dolce Gusto, 16 штук, 160гр;558.00;;Капсулы;Санкт-Петербург
2678864;Кофе в зёрнах Ambassador Gold Label, 1000 г;1499.00;;Ambassador;Санкт-Петербург
5989847;Кофе в зернах FRESCO ARABICA BLEND, 1 кг;1599.00;;FRESCO;Санкт-Петербург
2391243;Кофе в зернах Monarch Original, 230 г;400.00;;Monarch;Санкт-Петербург
1049665;Кофе растворимый Nescafe Classic, порошкообразный, дой-пак, 320 г;800.00;;Nescafe;Санкт-Петербург
2612228;Kофе рaствоpимый с молотым Московская Кофейня на Паяхъ ESPRESSO, 95 г;526.00;;Московская;Санкт-Петербург
1821519;"Кофе растворимый CARTE NOIRE ""Original"", сублимированный, стеклянная банка, 190 г";1200.00;;CARTE;Санкт-Петербург
2569097;Кофе в капсулах молотый EGOISTE PERU, для системы Nespresso,10 капсул по 5 г;314.00;;EGOISTE;Санкт-Петербург
2140190;"Кофейный напиток растворимый Жокей ""Крепкий"", 3 в 1, 50 штук по 12 г";508.00;;Жокей;Санкт-Петербург
2694845;Кофе растворимый MONARCH CREMA, натуральный, сублимированный, 95 г;407.00;;MONARCH;Санкт-Петербург
2841964;Кофейный напиток MacCoffee Cappuccino di Torino, с шоколадной крошкой, 20 штук по 16,5 г;449.00;;MacCoffee;Санкт-Петербург
2641248;Кофе растворимый ЖОКЕЙ Gold, сублимированный, 150 г;447.00;;ЖОКЕЙ;Санкт-Петербург
2138002;Кофе молотый Jardin Dessert Cup, арабика, 250 г;491.00;;Jardin;Санкт-Петербург
5609264;Кофе в дрип-пакетах COFFESSO, со вкусом и ароматом манго и морошки, 5 штук;285.00;;COFFESSO;Санкт-Петербург
1973882;"Кофе в зернах BUSHIDO ""Specialty Сoffee"", полимерная упаковка, 227 г";700.00;;BUSHIDO;Санкт-Петербург
2678941;Kофе растворимый Черная Карта Gold, 150 г;391.00;;Черная;Санкт-Петербург
5847147;Кофе в зернах CARTE NOIRE PREMIER CRU PERU, натуральный, жареный, 200г;451.00;;CARTE;Санкт-Петербург
1973886;"Кофе растворимый BUSHIDO ""Red Katana"", стеклянная банка, 100 г";999.00;;BUSHIDO;Санкт-Петербург
2824254;Кофе растворимый MILAGRO Gold Roast, сублимированный, 190 г;595.00;;MILAGRO;Санкт-Петербург
1970502;"Кофе растворимый Москофе ""Индийский"", ж/б, 90 г";294.00;;Москофе;Санкт-Петербург
2678855;Kофе растворимый Ambassador Platinum, 190 г;600.00;;Ambassador;Санкт-Петербург
5938963;Напиток кофейный растворимый MONARCH STRONG,3 в 1, 13гх24 штуки;341.00;;Напиток;Санкт-Петербург
3743460;Кофе в зернаx EGOISTE Velvet  800г;1899.00;;EGOISTE;Санкт-Петербург
1252137;Кофе сублимированный TODAY Pure Arabica, полимерная упаковка, 150 г;535.00;;TODAY;Санкт-Петербург
2239407;Кофе натуральный жареный молотый Poetti Soul of Rome, 200 г;481.00;;Poetti;Санкт-Петербург
2140191;"Кофе растворимый Жокей ""Триумф"", сублимированный, 150 г";438.00;;Жокей;Санкт-Петербург
5798341;Кофе растворимый Tibio Exclusive Арабика, сублимированный, 190 г;699.00;;Tibio;Санкт-Петербург
3583469;Кофе в зернах Alta Roma Caffe Latte, 1кг;1516.00;;Alta;Санкт-Петербург
2391174;Кофе растворимый Milagro Gold Roast сублимированный, 95г;299.00;;Milagro;Санкт-Петербург
2641195;Кофе растворимый Jardin Gold, сублимированный, 150 г;490.00;;Jardin;Санкт-Петербург
1836314;"Кофе молотый BUSHIDO ""Black Katana"", полимерная упаковка, 227 г";698.00;;BUSHIDO;Санкт-Петербург
2597851;Кофе в зернах MacCoffee PURE Espresso Forte, 1 кг;1549.00;;MacCoffee;Санкт-Петербург
5938883;Кофе растворимый CARTE NOIRE, в подарочной упаковке со стаканом, 95г;989.00;;CARTE;Санкт-Петербург
2694836;Кофе растворимый MONARCH ORIGINAL, натуральный, сублимированный, 75 г;319.00;;MONARCH;Санкт-Петербург
2597854;Кофейный напиток MacCoffee 3в1 со вкусом сгущенного молока, растворимый, 50 штук по 20г;737.00;;MacCoffee;Санкт-Петербург
5825857;Кофе молотый, Стрелка кофе Айоба, арабика Бразилия / робуста Вьетнам, 250 г;499.00;;Стрелка;Санкт-Петербург
2779601;Кофе молотый Monarch GOLD ARABICA, натуральный, жареный, 200 г;400.00;;Monarch;Санкт-Петербург
2586826;Кофе растворимый Tibio Gold Selection, сублимированный, 150 г;528.00;;Tibio;Санкт-Петербург
2138001;"Кофе в зернах Jardin ""Americano Crema"", 250 г";416.00;;Jardin;Санкт-Петербург
2239409;Кофе молотый Poetti Soul of Istanbul, натуральный, жареный, 200 г;481.00;;Poetti;Санкт-Петербург
2890650;Кофе молотый MONARCH ORIGINAL, натуральный, жареный, 70 г;190.00;;MONARCH;Санкт-Петербург
3171655;Кофе в дрип-пакетах GUSTORIA АРКАНУМ 100% арабика, 6*10гр;409.00;;GUSTORIA;Санкт-Петербург
2562251;Кофе в зернах Poetti Daily Arabica Dark Sensation, 750 г;1409.00;;Poetti;Санкт-Петербург
2597849;Кофейный напиток MacCoffee Original 3в1, растворимый, 100 штук по 20г;1561.00;;MacCoffee;Санкт-Петербург
2845182;Kофе в зернах Московская кофейня на Паяхъ Коломбо;489.00;;Московская;Санкт-Петербург
2567077;Кофе молотый Coffesso JEZVA GOLD, 200 г;383.00;;Coffesso;Санкт-Петербург
2824253;Кофе растворимый DArte Original, сублимированный, 100 г;420.00;;DArte;Санкт-Петербург
2046023;Кофейный напиток MacCoffee Original 3в1 растворимый 25  пакетиков по 20г;399.00;;MacCoffee;Санкт-Петербург
3583467;Кофе в зернах Alta Roma Vero 250г;434.00;;Alta;Санкт-Петербург
5798340;Кофе растворимый Tibio Exclusive Арабика, сублимированный, 75 г;295.00;;Tibio;Санкт-Петербург
5938964;Кофе  растворимый MONARCH ORIGINAL сублимированный ,170г;569.00;;MONARCH;Санкт-Петербург
5938947;Кофе растворимый MONARCH CINNAMON (КОРИЦА)порошкообразный с молотой корицей , 90г;420.00;;MONARCH;Санкт-Петербург
2641179;Кофе в зернах Jardin Espresso Di Milano, 250 г;480.00;;Jardin;Санкт-Петербург
3081206;Кофейный напиток KOPIKO CLASSIC 3в1, 20 саше;325.00;;KOPIKO;Санкт-Петербург
2287673;Кофе молотый EGOISTE Captain, полимерная упаковка, 250г;680.00;;EGOISTE;Санкт-Петербург
2287681;Кофе в зернах EGOISTE Voyage полимерная упаковка, 250г;650.00;;EGOISTE;Санкт-Петербург
2612221;Кофе в капсулах Московская кофейня на Паяхъ Арабика, 50 штук, 5 г;1300.00;;Московская;Санкт-Петербург
2391171;Кофе растворимый Московская кофейня на паяхъ Коломбо, 95г;439.00;;Московская;Санкт-Петербург
2138000;"Кофе растворимый Jardin ""Colombia Medellin"", сублимированный, 240 г";800.00;;Jardin;Санкт-Петербург
2678868;Кофе  в зернах Ambassador Platinum, 250 г;424.00;;Ambassador;Санкт-Петербург
2694828;Кофе растворимый MONARCH ORIGINAL, натуральный, сублимированный, 130г;532.00;;MONARCH;Санкт-Петербург
2098525;Кофе молотый турецкий MEHMET EFENDI, банка, 250г;783.00;;MEHMET;Санкт-Петербург
2774792;Кофе в капсулах Coffesso, ассорти 4 вкуса, 40 штук;1100.00;;Coffesso;Санкт-Петербург
2140199;"Кофе растворимый Жокей ""Триумф"", сублимированный, 280 г";759.00;;Жокей;Санкт-Петербург
1953171;Кофе молотый Poetti Daily Classic Crema, натуральный, жареный, 250 г;487.00;;Poetti;Санкт-Петербург
1252084;Кофе в зернах BUSHIDO Red Katana полимерная упаковка 1 кг;2550.00;;BUSHIDO;Санкт-Петербург
2841965;Кофе растворимый MacCoffee Premium, сублимированный, 235 г;715.00;;MacCoffee;Санкт-Петербург
2794156;Кофе в зёрнах MONARCH BRAZILIAN SELECTION,  натуральный, жареный, 800 г;1381.00;;MONARCH;Санкт-Петербург
2779688;Кофе в капсулах MONARCH Lungo 6 Classico, для системы Nespresso, 10 штук по 5,2 г;310.00;;MONARCH;Санкт-Петербург
2419147;Кофе в зернах Coffesso MOKKA  250г;350.00;;Coffesso;Санкт-Петербург
2845176;Kофе в зернах Московская кофейня на Паяхъ ESPRESSO;569.00;;Московская;Санкт-Петербург
5614625;Кофе в зернах Piazza del Caffe Gusto Classico, 900г;1451.00;;Piazza;Санкт-Петербург
2678866;Кофе в зёрнах Ambassador Platinum Crema, 1000 г;1599.00;;Ambassador;Санкт-Петербург
2824257;Кофе растворимый BELAGIO Deluxe, сублимированный, 95 г;299.00;;BELAGIO;Санкт-Петербург
2098513;Кофе в зернах Julius Meinl Espresso (Эспрессо), 100% арабика средняя обжарка 1 кг;2649.00;;Julius;Санкт-Петербург
2391213;Кофе в зернах Жокей Классический, арабика, 500 г;799.00;;Жокей;Санкт-Петербург
2694848;Кофе растворимый MONARCH ORIGINAL INTENSE, натуральный, сублимированный, 130 г;520.00;;MONARCH;Санкт-Петербург
1953137;Кофе в зернах Poetti Daily Classic Crema, натуральный, жареный, 250 г;460.00;;Poetti;Санкт-Петербург
2137998;Кофе в зернах Jardin Americano Crema, арабика, робуста, 1 кг;1649.00;;Jardin;Санкт-Петербург
2641256;Кофе молотый ЖОКЕЙ Традиционный, 250г;417.00;;ЖОКЕЙ;Санкт-Петербург
2586829;Кофе растворимый Tibio Gold Selection, сублимированный, 95 г;400.00;;Tibio;Санкт-Петербург
2678872;Кофе в капсулах Ambassador Gold Label, 10 штук по 5 г;219.00;;Ambassador;Санкт-Петербург
2641202;Кофе в зернах Jardin Cafe Eclair, 1000 г;1581.00;;Jardin;Санкт-Петербург
1853456;Кофе в капсулах Coffesso, ассорти, 4 вкуса, 80 штук;1799.00;;Coffesso;Санкт-Петербург
2880808;Кофе молотый Черная Карта Греция, 200г;309.00;;Черная;Санкт-Петербург
2612222;Kофе рaстворимый Московская кофейня на Паяхъ Арабика, 75 г;379.00;;Московская;Санкт-Петербург
2287633;Кофе растворимый BUSHIDO Light Katana Freeze Jar, стеклянная банка, 100г;946.00;;BUSHIDO;Санкт-Петербург
1953136;Кофе молотый Poetti Leggenda Ruby, натуральный, жареный, 250 г;574.00;;Poetti;Санкт-Петербург
1973885;"Кофе молотый BUSHIDO ""Specialty Coffee"", полимерная упаковка, 227 г";720.00;;BUSHIDO;Санкт-Петербург
1973887;"Кофе растворимый BUSHIDO ""Kodo"", стеклянная банка, 95 г";928.00;;BUSHIDO;Санкт-Петербург
1700049;Кофе в капсулах Coffesso Espresso Superiore, 10 штук;260.00;;Coffesso;Санкт-Петербург
2845175;Kофе молотый Московская кофейня на Паяхъ Суаре, 250 г;559.00;;Московская;Санкт-Петербург
2391190;Кофе растворимый Carte Noire Voyage Au Bresil, сублимированный, 90 г;630.00;;Carte;Санкт-Петербург
2841966;Кофейный напиток Eagle Premium 3в1, растворимый, 50 штук х 18 г;479.00;;Eagle;Санкт-Петербург
2046013;Кофейный напиток MacCoffee 3в1 со вкусом карамели растворимый 25 пакетиков по 18г;415.00;;MacCoffee;Санкт-Петербург
2641249;Кофе растворимый Жокей Gold, сублимированный, 95 г;329.00;;Жокей;Санкт-Петербург
2641200;Кофе в капсулах Jardin Coconut, 10 капсул х 5 г;343.00;;Jardin;Санкт-Петербург
5938939;Кофе в  капсулах  L'OR Espresso 3х52г (156г): Vanilla, Chocolate, Caramel, 30 кап;987.00;;Espresso;Санкт-Петербург
5938962;Кофе растворимый MONARCH ORIGINAL , в стиках 30 шт х 1,8г;400.00;;MONARCH;Санкт-Петербург
2880813;Кофе молотый Черная Карта Arabica, для турки по-восточному, 200г;365.00;;Черная;Санкт-Петербург
2044423;Кофе в зернах EGOISTE Grand Cru, 1 кг;2595.00;;EGOISTE;Санкт-Петербург
2694814;Кофе молотый CARTE NOIRE Intense Absolu, жареный, 230 г;630.00;;CARTE;Санкт-Петербург
2641183;Кофе в капсулах Jardin Ristretto, 10 капсул х 5 г;241.00;;Jardin;Санкт-Петербург
2046022;Кофейный напиток MacCoffee Cappuccino di Torino с шоколадной крошкой 10шт х 25,5г;311.00;;MacCoffee;Санкт-Петербург
5825829;Кофе без кофеина молотый в дрип-пакетах Стрелка Гватемала, 100% арабика, 6 штук х 11,5 г;299.00;;Стрелка;Санкт-Петербург
5938950;Кофе молотый в дрип-пакетах MONARCH АРАБИКА ПЕРУ, 6 штук по 11г;265.00;;MONARCH;Санкт-Петербург
2678942;Кофе в зёрнах Черная Карта, 250 г;400.00;;Черная;Санкт-Петербург
2641198;Кофе молотый Jardin Espresso Di Milano, 250 г;491.00;;Jardin;Санкт-Петербург
2024141;Кофе растворимый Tibio Arabica Exclusive, сублимированный, 95 г;399.00;;Tibio;Санкт-Петербург
2287923;Кофе в зернаx TODAY Blend 8, полимерная упаковка, 200г;436.00;;TODAY;Санкт-Петербург
2694839;Кофе растворимый MONARCH GOLD, натуральный, сублимированный, 190 г;805.00;;MONARCH;Санкт-Петербург
2824259;Кофе в зернах MILAGRO Cappuccino&Crema, 230 г;378.00;;MILAGRO;Санкт-Петербург
1252104;Кофе в зернах EGOISTE Noir, полимерная упаковка, 500 г;1299.00;;EGOISTE;Санкт-Петербург
5936128;"Кофе в капсулах HOME BARISTA ""AROMA"" формата Nespresso (Неспрессо), 60 шт.";1399.00;;HOME;Санкт-Петербург
2140189;"Кофе молотый Жокей ""Баварский шоколад"", 150 г";368.00;;Жокей;Санкт-Петербург
1836411;"Кофе молотый EGOISTE ""Espresso"", полимерная упаковка, 250 г";698.00;;EGOISTE;Санкт-Петербург
2641182;Кофе в зернах Jardin Ethiopia Euphoria, 1000 г;1849.00;;Jardin;Санкт-Петербург
5752700;Кофе молотый в дрип-пакетах MONTARO LUXURY GINZA STYLE, 6 штук х 11 г;322.00;;MONTARO;Санкт-Петербург
5847149;Кофе  в зернах CARTE NOIRE PREMIER CRU COLOMBIA 800г;1715.00;;CARTE;Санкт-Петербург
2137997;Кофе растворимый Jardin Guatemala Atitlan, сублимированный, 95 г;391.00;;Jardin;Санкт-Петербург
5609255;"Кофе в дрип-пакетах Coffesso ""Classico Italiano"", 10 штук по 9г";399.00;;Coffesso;Санкт-Петербург
2140198;"Кофе молотый Жокей ""По-восточному"", 250 г";431.00;;Жокей;Санкт-Петербург
2098603;Кофе растворимый Нескафе Крема, порошкообразный, 190 г;599.00;;Нескафе;Санкт-Петербург
2641252;Кофе в зернах ЖОКЕЙ Традиционный, 200г;318.00;;ЖОКЕЙ;Санкт-Петербург
2612210;Kофе рaстворимый Московская кофейня на Паяхъ Мокко, 95 г;406.00;;Московская;Санкт-Петербург
2779604;Напиток кофейный растворимый Monarch STRONG, 3 в 1, 50 штук по 13 г;624.00;;Напиток;Санкт-Петербург
1836316;"Кофе в зернах BUSHIDO ""Black Katana"", полимерная упаковка, 1 кг";2581.00;;BUSHIDO;Санкт-Петербург
2196247;Кофе Egoiste Grand Cru сублимированный молотый в растворимом, 95г;1149.00;;Egoiste;Санкт-Петербург
5938936;Кофе в капсулах  L’OR Espresso 4х52г: Delizioso, Elegante, Splendente, Profondo, 40 кап;1293.00;;Espresso;Санкт-Петербург
5825235;Кофе в капсулах Absolut Drive RAF Лаванда для кофемашин Dolce Gusto,12 шт;469.00;;Absolut;Санкт-Петербург
2137996;Кофе в зернах Jardin ORO, 1000 г;2100.00;;Jardin;Санкт-Петербург
5746828;Кофе молотый в дрип-пакетах Julius Meinl в дрип пакетах Эфиопия, 10 пакетиков;564.00;;Julius;Санкт-Петербург
2845178;Kофе молотый Московская кофейня на Паяхъ Коломбо, 250 г;569.00;;Московская;Санкт-Петербург
2880834;Кофе в зернах Ambassador Platinum Crema, 200 г;359.00;;Ambassador;Санкт-Петербург
5938941;Кофе в капсулах L'OR Espresso Chocolate с ароматом шоколада, 10 штук;349.00;;Espresso;Санкт-Петербург
5938953;Кофе в капсулах MONARCH Espresso 7 Classico, для системы Nespresso, 10 штук;299.00;;MONARCH;Санкт-Петербург
2880833;Кофе в зёрнах Ambassador Platinum, 500 г;1000.00;;Ambassador;Санкт-Петербург
2880824;Кофе молотый TOTTI Caffe Ristretto, 250г;429.00;;TOTTI;Санкт-Петербург
2239408;Кофе в зернах Poetti Soul of Havana, натуральный, жареный, 800 г;1494.00;;Poetti;Санкт-Петербург
2612281;Кофе в капсулах Porto Rosso Americano, мягкий, 10 штук, 5 г;351.00;;Porto;Санкт-Петербург
1252108;Кофе сублимированный EGOISTE Private, стеклянная банка, 100 г;899.00;;EGOISTE;Санкт-Петербург
2098511;Кофе в зернах Julius Meinl Espresso Classico (Эспрессо Классико), 1 кг;2322.00;;Julius;Санкт-Петербург
2140197;"Кофе растворимый Жокей ""Фаворит"", гранулированный, 95 г";316.00;;Жокей;Санкт-Петербург
2419148;Кофе в зернах Coffesso CREMA 1000г;1399.00;;Coffesso;Санкт-Петербург
3583460;Кофе в зернах Alta Roma Arabica Classico, 250г;530.00;;Alta;Санкт-Петербург
5143321;Кофе в капсулах Veronese AMERICANO Original, для кофемашины Dolce Gusto, 10х7г;350.00;;Veronese;Санкт-Петербург
2837564;Кофе в капсулах Московская Кофейня на Паяхъ Espresso LUNGO, 50 капсул по 5 г;1285.00;;Московская;Санкт-Петербург
2562233;Кофе в капсулах Poetti Leggenda Sienna для системы Nespresso, 10 штук;307.00;;Poetti;Санкт-Петербург
1252102;Кофе в зернах EGOISTE Espresso, полимерная упаковка, 1 кг;2403.00;;EGOISTE;Санкт-Петербург
2641186;Кофе молотый Jardin Ethiopia Euphoria, 250 г;562.00;;Jardin;Санкт-Петербург
2234139;Кофе Coffesso Caramel, в капсулах, 10 штук по 5 г;261.00;;Coffesso;Санкт-Петербург
2678857;Кофе  в зернах Ambassador Platinum, 1000 г;1792.00;;Ambassador;Санкт-Петербург
2140201;"Кофейный напиток Жокей ""Классический"", 3в1, растворимый, 50 пакетиков, 600 г";584.00;;Жокей;Санкт-Петербург
5825232;Кофе в капсулах Absolut Drive RAF Брауни, для кофемашин Dolce Gusto, 12 штук;509.00;;Absolut;Санкт-Петербург
5938935;Кофе зерновой LOR Crema Absolu Classique натуральный жареный , 1000г;2459.00;;LOR;Санкт-Петербург
3324462;Набор кофе в капсулах Poetti Leggenda, для системы Nespresso, микс вкусов, 120 штук;3059.00;;Набор;Санкт-Петербург
1252098;Кофе сублимированный EGOISTE X.O., стеклянная банка, 100 г;1035.00;;EGOISTE;Санкт-Петербург
2612209;Kофе рaствоpимый Московская кофейня на Паяхъ Суаре, 95 г;400.00;;Московская;Санкт-Петербург
2287864;Кофе сублимированный TODAY Espresso, полимерная упаковка, 75г;239.00;;TODAY;Санкт-Петербург
2419160;Кофе  в зернах Coffesso ALLURE 1000г;1499.00;;Coffesso;Санкт-Петербург
1853457;Кофе в капсулах Coffesso, ассорти, 8 вкусов, 80 штук;1999.00;;Coffesso;Санкт-Петербург
2046024;Кофе молотый MacCoffee PURE Arabica Crema, 250 г;489.00;;MacCoffee;Санкт-Петербург
3009515;Кофе в капсулах Jardin ассорти 5 вкусов, 20 капсул;664.00;;Jardin;Санкт-Петербург
5798342;Кофе растворимый Tibio Gold Selection, сублимированный, 190 г;734.00;;Tibio;Санкт-Петербург
1944202;Кофе в капсулах LOR Espresso Lungo Elegante, натуральный, 10 капсул по 52 г;360.00;;LOR;Санкт-Петербург
2641194;Кофе в зернах Jardin Ethiopia Euphoria, 250 г;562.00;;Jardin;Санкт-Петербург
2419157;Кофе зернах Coffesso MASSIMO 1000г;1599.00;;Coffesso;Санкт-Петербург
1973989;"Кофейный напиток Torabika ""Macchiato"", с добавлением эспрессо и молока, 20 штук по 30 г";462.00;;Torabika;Санкт-Петербург
2694843;Кофе раcтворимый Monarch Miligrano, молотый в растворимом, 70г;331.00;;Monarch;Санкт-Петербург
5614624;Кофе в зернах Piazza del Caffe Crema Vellutata, 900 г;1500.00;;Piazza;Санкт-Петербург
2586783;Кофе в зернах Tibio Gold Мокка 250г;399.00;;Tibio;Санкт-Петербург
2046016;Кофейный напиток MacCoffee Cappuccino di Torino с корицей 20шт х 25,5г;449.00;;MacCoffee;Санкт-Петербург
2890649;Кофе в зернах MONARCH GOLD ARABICA, натуральный, жареный, 800 г;1500.00;;MONARCH;Санкт-Петербург
1953140;Кофе молотый Poetti Leggenda Oro, натуральный, жареный, 250 г;574.00;;Poetti;Санкт-Петербург
2848664;Кофе молотый Julius Meinl Prasident, 220 г;638.00;;Julius;Санкт-Петербург
2098518;Кофе в зернах Julius Meinl Espresso (Эспрессо), 100% арабика средняя обжарка, 500 г;1427.00;;Julius;Санкт-Петербург
1953135;Кофе в зернах Poetti Leggenda Espresso, натуральный, жареный, 1 кг;1745.00;;Poetti;Санкт-Петербург
2694827;Кофе растворимый MONARCH MILIGRANO, молотый в растворимом, 160 г;744.00;;MONARCH;Санкт-Петербург
2824256;Кофе растворимый MILAGRO Gold Roast, сублимированный, 150 г;444.00;;MILAGRO;Санкт-Петербург
2880830;Кофе в зернах Ambassador Blue Label, 200 г;448.00;;Ambassador;Санкт-Петербург
2641191;Кофе в зернах Jardin Bravo Brazilia, 250 г;569.00;;Jardin;Санкт-Петербург
5938938;Кофе в капсулах L'or Espresso Lungo Profondo #8  для системы Nespresso, 20шт;639.00;;Espresso;Санкт-Петербург
2140193;"Кофейный напиток Жокей ""Карамель"", 3 в 1, растворимый, 10 пакетиков, 120 г";201.00;;Жокей;Санкт-Петербург
2678737;Кофе в зернах Totti Caff Tuo Gusto, 1000 г;1883.00;;Totti;Санкт-Петербург
5825839;Кофе без кофеина молотый в дрип-пакетах Стрелка Гватемала , 100% арабика, 10 шт х 11,5 г;578.00;;Стрелка;Санкт-Петербург
2845177;Kофе в зернах Московская кофейня на Паяхъ Суаре;550.00;;Московская;Санкт-Петербург
2641190;Кофе растворимый Jardin Gold, сублимированный, 95 г;365.00;;Jardin;Санкт-Петербург
3324469;Кофе молотый Poetti Daily Arabica, натуральный, жареный, 250 г;541.00;;Poetti;Санкт-Петербург
2641178;Кофе в капсулах Jardin Vanillia, 10 капсул х 5 г;340.00;;Jardin;Санкт-Петербург
5614649;Кофе в зернах Жокей Классический, 800г;1299.00;;Жокей;Санкт-Петербург
3584555;Напиток ГХИ ВАСТЭКО НЕКОФЕ с Чагой и кокосовым молоком, растворимый, 250 г;659.00;;Напиток;Санкт-Петербург
2419156;Кофе молотый Coffesso CREMA 250г;454.00;;Coffesso;Санкт-Петербург
2562227;Кофе в капсулах Poetti Leggenda Ruby для системы Nespresso, 10 штук;307.00;;Poetti;Санкт-Петербург
2137984;Кофе молотый Jardin ORO, 250 г;562.00;;Jardin;Санкт-Петербург
2287582;Кофе сублимированный BUSHIDO Red Katana, полимерная упаковка, 75г;805.00;;BUSHIDO;Санкт-Петербург
5143313;Кофе в капсулах Veronese LATTE MACCHIATO CARAMEL, для кофемашины Dolce Gusto, 90 г;360.00;;Veronese;Санкт-Петербург
2694867;Кофе в капсулах Lor Espresso Splendente, для системы Nespresso, 10 капсул по 52 г;355.00;;Lor;Санкт-Петербург
5938951;Напиток кофейный растворимый MONARCH MILD, 3 в 1, 13г х 24 штуки;399.00;;Напиток;Санкт-Петербург
2612211;Kофе в зернах Московская кофейня на Паяхъ Мокко, 1000 г;1850.00;;Московская;Санкт-Петербург
1973988;Кофейный напиток Torabika Brown Coffe 3 в 1 с коричневым сахаром, упаковка 20 порций;413.00;;Torabika;Санкт-Петербург
1017146;Кофе растворимый Nescafe Gold сублимированный с добавлением молотого, банка, 95г;459.00;;Nescafe;Санкт-Петербург
2641196;Кофе растворимый Jardin Deep Dark, сублимированный, 180 г;600.00;;Jardin;Санкт-Петербург
5614184;Кофе в капсулах молотый Jardin CARAMEL, среднеобжаренный, для системы Nespresso, 10 штук;343.00;;Jardin;Санкт-Петербург
2873007;Кофе растворимый Jardin Гватемала Атитлан, сублимированный, 150 г;532.00;;Jardin;Санкт-Петербург
2306892;Капсулы Coffesso Latte Macchiato для кофемашины Dolce Gusto, 16 штук, 172 гр;573.00;;Капсулы;Санкт-Петербург
2826482;Кофе Coffesso ассорти, 10 вкусов, 100 капсул;2855.00;;Coffesso;Санкт-Петербург
2567068;Кофе молотый Coffesso JEZVA GOLD, 100% арабика, 100 г;215.00;;Coffesso;Санкт-Петербург
2419153;Кофе молотый Coffesso MASSIMO 250г;534.00;;Coffesso;Санкт-Петербург
1953145;Кофе в зернах Poetti Daily Arabica, натуральный, жареный, 250 г;496.00;;Poetti;Санкт-Петербург
5989854;Кофе в зернах FRESCO GUATEMALA, 900 г;1700.00;;FRESCO;Санкт-Петербург
2098503;Кофе в зернах Julius Meinl Caffe Crema Intenso для молочных напитков, тёмная обжарка, 1 кг;2322.00;;Julius;Санкт-Петербург
2419142;Кофе в капсулах  Coffesso House blend 10х штук 5,6г;343.00;;Coffesso;Санкт-Петербург
2848662;Кофе молотый Julius Meinl Vienna Melange, средняя обжарка, 220 г;596.00;;Julius;Санкт-Петербург
2774791;Кофе в капсулах Coffessо Nespresso, ассорти 4 вкуса, 40 штук;1572.00;;Nespresso;Санкт-Петербург
1700047;Кофе в капсулах Coffesso Classico Italianо, 10 штук;288.00;;Coffesso;Санкт-Петербург
2641250;Кофе молотый Жокей Caffe Italiano, 250 г;441.00;;Жокей;Санкт-Петербург
1252100;Кофе сублимированный EGOISTE Double Espresso, стеклянная банка, 100 г;719.00;;EGOISTE;Санкт-Петербург
5609261;Кофе в дрип-пакетах COFFESSO, с ароматом рома и ванили, AMBITION RUM & VANILLA, 5 штук;289.00;;COFFESSO;Санкт-Петербург
2694820;Напиток кофейный растворимый CARTE NOIRE Капучино, 20 штук по 15 г;620.00;;Напиток;Санкт-Петербург
5938956;Кофе в капсулах MONARCH 4х52г: LUNGO 6 , Espresso 7 , Lungo 8 , Espresso 10, 40 кап;1125.00;;MONARCH;Санкт-Петербург
3584552;Напиток ГХИ ВАСТЭКО НЕКОФЕ Тонка и ваниль, пастворимый, 260 г;913.00;;Напиток;Санкт-Петербург
5825833;Кофе молотый в дрип-пакетах Стрелка кофе Эфиопия Сидамо, 100% арабика, 10 штук х 11,5 г;546.00;;Стрелка;Санкт-Петербург
2694816;Кофе в зернах CARTE NOIRE CREMA DELICE, натуральный, жареный, 230 г;569.00;;CARTE;Санкт-Петербург
2044424;Кофе молотый EGOISTE Grand Cru, 250 г;750.00;;EGOISTE;Санкт-Петербург
2287676;Кофе в зернах EGOISTE Captain, полимерная упаковка, 250г;680.00;;EGOISTE;Санкт-Петербург
2678946;Kофе растворимый Черная Карта Gold, 95 г;390.00;;Черная;Санкт-Петербург
2419151;Кофе в зернах Coffesso CREMA 250г;450.00;;Coffesso;Санкт-Петербург
2098517;Кофе в зернах Julius Meinl Prasident (Президент), средняя обжарка 500 г;1250.00;;Julius;Санкт-Петербург
5989852;Кофе зерновой FRESCO Arabica Solo, 1 кг;1900.00;;FRESCO;Санкт-Петербург
1049623;Кофе растворимый Нескафе Голд, сублимированный, с добавлением молотого, дой-пак, 130 г;499.00;;Нескафе;Санкт-Петербург
5746822;Кофе в капсулах Julius Meinl Эспрессо для кофемашин Dolce Gusto, 10 капсул;486.00;;Julius;Санкт-Петербург
2678736;Кофе в зернах Totti Caff Supremo, 1000 г;2560.00;;Totti;Санкт-Петербург
1944203;Кофе в капсулах LOR Espresso Lungo Profondo, натуральный, 10 капсул по 52 г;349.00;;LOR;Санкт-Петербург
2306890;Капсулы Coffesso Americano Gold для кофемашины Dolce Gusto, 16 штук, 128гр;614.00;;Капсулы;Санкт-Петербург
2562231;Кофе в капсулах Poetti Soul of Havana для системы Nespresso, 10 штук;355.00;;Poetti;Санкт-Петербург
2287926;Кофе молотый TODAY Blend 8, полимерная упаковка, 200г;687.00;;TODAY;Санкт-Петербург
2287860;Кофе сублимированный TODAY Espresso, стеклянная банка, 95г;499.00;;TODAY;Санкт-Петербург
2234141;Кофе Coffesso Vanilla, в капсулах, 20 штук по 5 г;499.00;;Coffesso;Санкт-Петербург
2873011;Кофе в зернах Piazza del Caffe Crema Vellutata, 230 г;468.00;;Piazza;Санкт-Петербург
2641193;Кофе в капсулах Jardin Vivo, 10 капсул х 5 г;241.00;;Jardin;Санкт-Петербург
2694818;Кофе в капсулах Carte Noire Colombia Origin, 10 штук;397.00;;Carte;Санкт-Петербург
2239403;Кофе натуральный жареный в зернах Poetti Soul of Rome 800 гр;1494.00;;Poetti;Санкт-Петербург
2678863;Кофе в зёрнах Ambassador Coffee Cult East Coast, 1000 г;1889.00;;Ambassador;Санкт-Петербург
2678738;Кофе в зернах Totti Caff Piu Grande,  1000 г;1780.00;;Totti;Санкт-Петербург
2880832;Кофе в зернах Ambassador Black Label, 200 г;380.00;;Ambassador;Санкт-Петербург
2098510;Кофе в зернах Julius Meinl Jubilaum (Юбилейный), средняя обжарка 1 кг;2371.00;;Julius;Санкт-Петербург
3081218;Кофейный напиток TORABIKA CARAMELO LATTE, 20 саше;463.00;;TORABIKA;Санкт-Петербург
2694851;Кофе в зернах MONARCH Espresso, натуральный, жареный, 1000 г;1799.00;;MONARCH;Санкт-Петербург
2641180;Кофе в капсулах Jardin Chocolate, 10 капсул х 5 г;343.00;;Jardin;Санкт-Петербург
2046019;Кофейный напиток MacCoffee Cappuccino Dolce Vita 20шт х 24г;413.00;;MacCoffee;Санкт-Петербург
2678870;Кофе в капсулах Ambassador Blue Label, 10 штук по 5 г;222.00;;Ambassador;Санкт-Петербург
5825849;Кофе молотый, Стрелка кофе Бразилия Фенси Эспрессо, 100% арабика, 250 г;706.00;;Стрелка;Санкт-Петербург
2569099;Кофе в капсулах молотый EGOISTE Ethiopia,для системы Nespresso, 10 капсул по 5 г;342.00;;EGOISTE;Санкт-Петербург
2391227;Кофе в зернах Московская кофейня на паяхъ, 500 г;1039.00;;Московская;Санкт-Петербург
1049631;Кофе растворимый Nescafe Gold Aroma Intenso сублимиров. с добавл.молот., стекл.банка, 85 г;379.00;;Nescafe;Санкт-Петербург
2678955;Кофе молотый Черная Карта для чашки, 250 г;369.00;;Черная;Санкт-Петербург
2678858;Кофе в капсулах Ambassador Platinum Crema, 10 штук по 5 г;349.00;;Ambassador;Санкт-Петербург
2641192;Кофе молотый Jardin Bravo Brazilia, 250 г;555.00;;Jardin;Санкт-Петербург
2837563;Кофе в капсулах Московская Кофейня на Паяхъ Espresso LUNGO, 10 капсул по 5 г;243.00;;Московская;Санкт-Петербург
2848659;Кофе в зернах Julius Meinl Dekaf, без кофеина, 500 г;1312.00;;Julius;Санкт-Петербург
2880825;Кофе в зернах TOTTI Caffe Ristretto, 250г;461.00;;TOTTI;Санкт-Петербург
2306893;Капсулы Coffesso Сappuccino Crema для кофемашины Dolce Gusto, 16 штук, 192 гр;597.00;;Капсулы;Санкт-Петербург
2880831;Кофе молотый Ambassador Blue Label, 200 г;368.00;;Ambassador;Санкт-Петербург
2641187;Кофе растворимый Jardin Gold, сублимированный, 240 г;870.00;;Jardin;Санкт-Петербург
2932935;Кофе в зернах Lavazza Qualita Oro, 250 г;799.00;;Lavazza;Санкт-Петербург
2848665;Кофе в капсулах Julius Meinl Эспрессо Делизиосо био, система Nespresso, 10 штук по 5,6 г;417.00;;Julius;Санкт-Петербург
1953132;Кофе в зернах Poetti Leggenda Oro, натуральный, жареный, 250 г;574.00;;Poetti;Санкт-Петербург
2848657;Кофе в капсулах Julius Meinl Эспрессо Крема био, система Nespresso, 10 штук по 5,6 г;403.00;;Julius;Санкт-Петербург
5825850;Кофе молотый, Стрелка кофе Итали, арабика Бразилия/робуста Вьетнам, 250 г;599.00;;Стрелка;Санкт-Петербург
2287900;Московский Кофе МОСКОФЕ порошкообразный, жестяная банка, 90г;321.00;;Московский;Санкт-Петербург
2137993;Кофе зерновой Jardin Cafe Eclair, 250 г;492.00;;Jardin;Санкт-Петербург
2597885;Кофейный напиток MacCoffee Strong 3в1, растворимый, 50 штук по 18г;717.00;;MacCoffee;Санкт-Петербург
3346399;Кофе молотый Veronese CREMA AROMA, натуральный, жареный, 200 г;493.00;;Veronese;Санкт-Петербург
2046014;Кофе в зернах MacCoffee PURE Arabica Crema, 250 г;399.00;;MacCoffee;Санкт-Петербург
2678949;Кофе молотый Черная Карта, 250 г;400.00;;Черная;Санкт-Петербург
2234140;Кофе Coffesso Classico Italiano, в капсулах, 40 штук по 5 г;899.00;;Coffesso;Санкт-Петербург
3584547;Напиток ГХИ ВАСТЭКО НЕКОФЕ LOVE ЧЕРРИ, растворимый, 240 г;1018.00;;Напиток;Санкт-Петербург
2419166;Кофе в зернах Coffesso ALLURE 250г;402.00;;Coffesso;Санкт-Петербург
2287911;Кофе сублимированный TODAY Espresso, 150г;668.00;;TODAY;Санкт-Петербург
1944201;Кофе в капсулах LOR Espresso Lungo Estremo, натуральный, 10 капсул по 52 г;375.00;;LOR;Санкт-Петербург
3346386;Кофе молотый Veronese HAZELNUT, с ароматом, натуральный, жареный, 200 г;487.00;;Veronese;Санкт-Петербург
5537446;Кофе молотый в дрип-пакетах ассорти Sibaristica Drip Max Ассорти 24 шт;1126.00;;Sibaristica;Санкт-Петербург
2419152;Кофе в капсулах Coffesso Decaffeinato 10 штук х5г;275.00;;Coffesso;Санкт-Петербург
2163799;Кофейный напиток MacCoffee Original 3в1 растворимый 50шт х 20г;900.00;;MacCoffee;Санкт-Петербург
4904800;Кофе в капсулах Nescafe Dolce Gusto Espresso Intenso, 16 капсул, 112г;804.00;;Nescafe;Санкт-Петербург
2234136;Кофе Coffesso Crema Delicato, в капсулах, 80 штук по 5 г;1969.00;;Coffesso;Санкт-Петербург
2569124;Кофе в зернах BUSHIDO Sensei, 1000 г;2499.00;;BUSHIDO;Санкт-Петербург
2641188;Кофе в капсулах Jardin Allonge, 10 капсул х 5 г;340.00;;Jardin;Санкт-Петербург
2824260;Кофе в зернах MILAGRO Cappuccino&Crema, 800 г;1458.00;;MILAGRO;Санкт-Петербург
2612225;Kофе рaстворимый Московская кофейня на Паяхъ Арабика, 190 г;894.00;;Московская;Санкт-Петербург
2848660;Кофе в капсулах Julius Meinl Лунго Форте био, система Nespresso, 10 штук по 5,6 г;365.00;;Julius;Санкт-Петербург
5614623;Кофе в зернах Piazza del Caffe Espresso Forte, 900г;1950.00;;Piazza;Санкт-Петербург
2641185;Кофе в зернах Jardin Bravo Brazilia, 1000 г;1849.00;;Jardin;Санкт-Петербург
2137992;Кофе в зернах Jardin Dessert Cup, арабика, 250 г;492.00;;Jardin;Санкт-Петербург
2148175;Кофе молотый EGOISTE Velvet полимерная упаковка, 200 г;632.00;;EGOISTE;Санкт-Петербург
2678875;Кофе молотый Ambassador Gold Label, 200 г;397.00;;Ambassador;Санкт-Петербург
2567073;Кофе молотый Coffesso JEZVA RED, арабика и робуста ,200 г;338.00;;Coffesso;Санкт-Петербург
5825865;Кофе в зернах, Стрелка Кофе Итали, арабика Бразилия / робуста Вьетнам, 1 кг;1737.00;;Стрелка;Санкт-Петербург
2391134;Кофе растворимый с молотым Nescafe Gold Barista style, 85г;469.00;;Nescafe;Санкт-Петербург
2779606;Кофе в зернах Monarch GOLD ARABICA, натуральный, жареный, 200 г;400.00;;Monarch;Санкт-Петербург
2239404;Кофе натуральный жареный молотый Poetti Soul of Havana, 200 г;469.00;;Poetti;Санкт-Петербург
2694833;Напиток кофейный растворимый MONARCH Classic Cappuccino, 20 штук по 15 г;366.00;;Напиток;Санкт-Петербург
2774793;Кофе в капсулах Coffesso, ассорти 4 вкуса, 40 штук;1149.00;;Coffesso;Санкт-Петербург
2612252;Kофе рaстворимый Московская кофейня на Паяхъ Арабика, 95 г;550.00;;Московская;Санкт-Петербург
3584549;Напиток ГХИ ВАСТЭКО НЕКОФЕ, растворимый, 270 г;545.00;;Напиток;Санкт-Петербург
2678951;Кофе молотый Черная Карта Mokka, 250 г;493.00;;Черная;Санкт-Петербург
2234143;Кофе Coffesso Vanilla, в капсулах, 10 штук по 5 г;267.00;;Coffesso;Санкт-Петербург
2586804;Кофе молотый Tibio Gold Мокка, для турки и чашки, 250 г;462.00;;Tibio;Санкт-Петербург
2098519;Кофе в зернах Julius Meinl Jubilaum (Юбилейный), средняя обжарка, 500 г;1307.00;;Julius;Санкт-Петербург
2678947;Кофе в зёрнах Черная Карта Сrema, 1000 г;1721.00;;Черная;Санкт-Петербург
2597857;Кофе молотый MacCoffee PURE Espresso Forte, 250 г;389.00;;MacCoffee;Санкт-Петербург
2873032;Кофейный напиток 3в1 ЖОКЕЙ Ореховый, 12 г х 50 пакетиков;499.00;;ЖОКЕЙ;Санкт-Петербург
2694815;Напиток кофейный растворимый CARTE NOIRE Vanilla latte, 20 штук по 16 г;600.00;;Напиток;Санкт-Петербург
5936136;"Горячий шоколад в капсулах HOME BARISTA ""Hot Chocolate"" (Дольче Густо), 48 шт";1339.00;;Горячий;Санкт-Петербург
5936129;"Кофе в капсулах HOME BARISTA ""SCANDINAVIA"" формата Nespresso (Неспрессо), 60 шт.";1399.00;;HOME;Санкт-Петербург
5936135;Напиток растворимый в капсулах HOME BARISTA, Cafe au lait, Dolce Gusto , 48 капсул;1399.00;;Напиток;Санкт-Петербург
5938958;Кофе молотый в дрип-пакетах MONARCH АРАБИКА КОЛУМБИЯ, 6 штук по 11 г;323.00;;MONARCH;Санкт-Петербург
5936132;"Набор кофе в капсулах HOME BARISTA""AMERICANO ""  (Дольче Густо), 48 шт.";1499.00;;Набор;Санкт-Петербург
5936134;"Кофе в капсулах HOME BARISTA ""CHOCO & NUTS"" (Неспрессо), 60 шт.";1399.00;;HOME;Санкт-Петербург
2287664;Кофе в зернах EGOISTE Grand Cru, полимерная упаковка, 250г;750.00;;EGOISTE;Санкт-Петербург
2694847;Кофе в зернах MONARCH CREMA, натуральный, жареный, 1000 г;1769.00;;MONARCH;Санкт-Петербург
2612229;Kофе в зернах Московская кофейня на Паяхъ ESPRESSO, 1000 г;1999.00;;Московская;Санкт-Петербург
5989849;Кофе в зернах FRESCO UGANDA, 900 г;1399.00;;FRESCO;Санкт-Петербург
5989848;Кофе в зернах FRESCO HORECA Arabica, 1 кг;1599.00;;FRESCO;Санкт-Петербург
5825870;Кофе молотый, Стрелка кофе Бразилия Сантос Эспрессо,100% арабика, 250 г;630.00;;Стрелка;Санкт-Петербург
5989850;Кофе зерновой FRESCO Arabica, жаренный, 200 г;429.00;;FRESCO;Санкт-Петербург
5825875;Кофе в зернах, Стрелка кофе Колумбия Супремо Дарк, 100% арабика, 1 кг;2064.00;;Стрелка;Санкт-Петербург
5609258;"Кофе молотый  Coffesso ""VELUTTO"",250г";499.00;;Coffesso;Санкт-Петербург
5027134;Кофе в капсулах Field Cafe au lait, для кофемашины Dolce Gusto, 16 капсул, 160г;696.00;;Field;Санкт-Петербург
5825867;Кофе молотый, Стрелка кофе Колумбия Супремо Фильтр, 100% арабика, 250 г;589.00;;Стрелка;Санкт-Петербург
2046018;Кофе растворимый MacCoffee Arabica, сублимированный, 150г;435.00;;MacCoffee;Санкт-Петербург
5825869;Кофе в зернах, Стрелка кофе Эфиопия Сидамо Фильтр, 100% арабика, 250 г;871.00;;Стрелка;Санкт-Петербург
5825862;Кофе в зернах, Стрелка кофе Бразилия Фенси Эспрессо, 100% арабика, 1 кг;2047.00;;Стрелка;Санкт-Петербург
3583474;Кофе в зернах Alta Roma Intenso, 1кг;1793.00;;Alta;Санкт-Петербург
5746824;Кофе Julius Meinl Латте Венские вафли для кофемашин Dolce Gusto, 5 порций, 10 капсул;552.00;;Julius;Санкт-Петербург
5798339;Кофе в зернах Tibio Family Каффе Крема зерно, 1000 г;1514.00;;Tibio;Санкт-Петербург
5825836;Кофе в зернах, Стрелка кофе Китай Симао Дарк, 100% арабика, 1 кг;2000.00;;Стрелка;Санкт-Петербург
5825852;Кофе молотый в дрип-пакетах Стрелка кофе Бразилия Фенси, 100% арабика, 10 штук х 11,5 г;499.00;;Стрелка;Санкт-Петербург
2848666;Кофе в капсулах Julius Meinl Эспрессо Декаф био, система Nespresso, 10 штук по 5,6 г;362.00;;Julius;Санкт-Петербург
5938943;Кофе в капсулах L'OR Espresso Caramel, с ароматом карамели, 10 штук;349.00;;Espresso;Санкт-Петербург
2586785;Кофе в зернах Tibio Barista Caffe Сrema, 1000 г;1643.00;;Tibio;Санкт-Петербург
3584541;Напиток ГХИ ВАСТЭКО НЕКОФЕ с Чагой и пророщенной гречихой, растворимый, 200 г;499.00;;Напиток;Санкт-Петербург
3583471;Кофе в зернах Alta Roma Arabica Classico 1кг;1876.00;;Alta;Санкт-Петербург
5938942;Кофе в капсулах L'OR Espresso Vanilla, с ароматом ванили, 10 штук;349.00;;Espresso;Санкт-Петербург
2641199;Кофе молотый Jardin Americano Crema, 250 г;523.00;;Jardin;Санкт-Петербург
5825845;Кофе в зернах, Стрелка кофе Китай Симао Эспрессо, 100% арабика, 250 г;603.00;;Стрелка;Санкт-Петербург
5938957;Кофе растворимый MONARCH ORIGINAL, сублимированный, 300 г;1100.00;;MONARCH;Санкт-Петербург
5537447;Кофе молотый в дрип-пакетах ассорти Sibaristica Drip Box, 6 штук;332.00;;Sibaristica;Санкт-Петербург
5825864;Кофе молотый в дрип-пакетах Стрелка кофе Колумбия Супремо, 100% арабика, 10 штук х 11,5 г;519.00;;Стрелка;Санкт-Петербург
5537448;Кофе молотый в дрип-пакетах Sibaristica Yellow Submarine 24 шт;899.00;;Sibaristica;Санкт-Петербург
5936133;"Набор кофе в капсулах HOME BARISTA""CAPPUCCINO"" (Дольче Густо), 48 шт.";1339.00;;Набор;Санкт-Петербург
5936130;"Кофе в капсулах HOME BARISTA ""ITALIANO"" формата Nespresso (Неспрессо), 60 шт.";1399.00;;HOME;Санкт-Петербург
5936131;"Кофе в капсулах HOME BARISTA ""LATTE MACCHIATO"" (Дольче Густо), 48 шт.";1339.00;;HOME;Санкт-Петербург
2140209;"Кофе растворимый Жокей ""Триумф"", сублимированный, 95 г";342.00;;Жокей;Санкт-Петербург
5746827;Кофе в зернах Julius Meinl, зерно Меланж, Венская Коллекция, 500 г;1202.00;;Julius;Санкт-Петербург
5938937;Кофе в капсулах LOR Espresso Forza, для системы Nespresso, 10 штук;355.00;;LOR;Санкт-Петербург
5825237;Кофе в капсулах Absolut Drive RAF Барбарис для кофемашин Dolce Gusto, 12 штук;489.00;;Absolut;Санкт-Петербург
5609256;"Кофе в зернах Coffesso ""VELUTTO"" , 1000г";2250.00;;Coffesso;Санкт-Петербург
5825231;Кофе в капсулах Absolut Drive АМЕРИКАНО, для кофемашин Dolce Gusto, 16 штук;549.00;;Absolut;Санкт-Петербург
2148188;Кофе в зернах TODAY Espresso Blend № 7 Professional, в/уп 1 кг;2199.00;;TODAY;Санкт-Петербург
2678938;Кофе в зернах Черная Карта Crema, 200 г;381.00;;Черная;Санкт-Петербург
5537444;Кофе молотый в дрип-пакетах Sibaristica Uganda Drugar 24 шт;879.00;;Sibaristica;Санкт-Петербург
2419161;Кофе в зернах Coffesso MASSIMO 250г;529.00;;Coffesso;Санкт-Петербург
2562250;Кофе в капсулах Poetti Leggenda Espresso для системы Nespresso, 10 штук;307.00;;Poetti;Санкт-Петербург
5752702;Кофе молотый в дрип-пакетах MONTARO LUXURY BRAZIL STYLE, 6 штук по 11 г;299.00;;MONTARO;Санкт-Петербург
2137999;Кофе в зернах Jardin ORO, арабика, 250 г;566.00;;Jardin;Санкт-Петербург
2678871;Кофе в капсулах Ambassador Black Label, 10 штук по 5 г;350.00;;Ambassador;Санкт-Петербург
2837566;Кофе в капсулах Московская Кофейня на Паяхъ Espresso INTENSE, 50 капсул по 5 г;1199.00;;Московская;Санкт-Петербург
2419150;Кофе в капсулах  Coffesso Ristretto blend  10 штукх5,6г;299.00;;Coffesso;Санкт-Петербург
1973827;"Кофе в зернаx TODAY ""Blend №8"", полимерная упаковка, 800 г";1843.00;;TODAY;Санкт-Петербург
5825841;Кофе в зернах, Стрелка кофе Айоба, арабика Бразилия/робуста Вьетнам, 250 г;665.00;;Стрелка;Санкт-Петербург
2567071;Кофе в капсулах Coffesso Colombia Red, 10 капсул по 5 г;273.00;;Coffesso;Санкт-Петербург
2837567;Кофе в капсулах Московская Кофейня на Паяхъ Espresso CREMA, 50 капсул по 5 г;1474.00;;Московская;Санкт-Петербург
2678861;Кофе в капсулах Ambassador Platinum Classic, 10 штук по 5 г;349.00;;Ambassador;Санкт-Петербург
3583458;Кофе молотый Alta Roma Intenso, 250г;522.00;;Alta;Санкт-Петербург
2678856;Кофе в капсулах Ambassador Gold Label, 23 штуки по 5 г;653.00;;Ambassador;Санкт-Петербург
5719692;Кофе зерновой Sibaristica Эспрессо смесь Ethiopia Yirgacheffe,100% арабика, 1000 г;1899.00;;Sibaristica;Санкт-Петербург
2567070;Кофе в капсулах Coffesso Brazil Sky, 10 капсул по 5 г;329.00;;Coffesso;Санкт-Петербург
2234137;Кофе Coffesso Ristretto blend, в капсулах, 20 штук по 5,6 г;599.00;;Coffesso;Санкт-Петербург
2419162;Кофе в капсулах Coffesso Lungo Light 10 штук х5,6г;273.00;;Coffesso;Санкт-Петербург
2767625;Кофе в капсулах молотый BelmioViva La Vanilla, для системы Nespresso, 10 штук;299.00;;BelmioViva;Санкт-Петербург
1853461;"Кофе в капсулах Coffesso ""Caramel"", 20 штук";495.00;;Coffesso;Санкт-Петербург
1853464;"Кофе в капсулах Coffesso ""Lungo Blend"", 20 штук";475.00;;Coffesso;Санкт-Петербург
2597859;Кофейный напиток MacCoffee Maх 3в1 Классик, 20 штук по 16г;404.00;;MacCoffee;Санкт-Петербург
2597861;Кофе в зернах MacCoffee PURE Espresso Forte, 250 г;389.00;;MacCoffee;Санкт-Петербург
2098506;Кофе в зернах Julius Meinl Prasident (Президент), средняя обжарка 1 кг;2300.00;;Julius;Санкт-Петербург
2678860;Кофе в зёрнах Ambassador Master Blend, 1000 г;1799.00;;Ambassador;Санкт-Петербург
2569098;Кофе в капсулах молотый EGOISTE DECAF, для системы Nespresso, 10 капсул по 5 г;410.00;;EGOISTE;Санкт-Петербург
1853450;"Кофе в капсулах Coffesso ""Espresso Superiore"", 20 штук";499.00;;Coffesso;Санкт-Петербург
2837562;Кофе в капсулах Московская Кофейня на Паяхъ Espresso INTENSE, 10 капсул по 5 г;348.00;;Московская;Санкт-Петербург
2137985;Кофе в капсулах Jardin Andante, 10 капсул по 5 г;340.00;;Jardin;Санкт-Петербург
1853459;"Кофе в капсулах Coffesso ""Classico Italianо"", 20 штук";468.00;;Coffesso;Санкт-Петербург
2678944;Кофе растворимый Черная Карта Gold, 285 г;1154.00;;Черная;Санкт-Петербург
2873010;Кофе в зернах Piazza del Caffe Espresso Forte, 230 г;468.00;;Piazza;Санкт-Петербург
3583459;Кофе молотый Alta Roma Supremo 250г;510.00;;Alta;Санкт-Петербург
5746823;Кофе в капсулах Julius Meinl Капучино для кофемашин Dolce Gusto,5 порций,10 капсул;486.00;;Julius;Санкт-Петербург
5825854;Кофе в зернах, Стрелка кофе Бразилия Фенси Эспрессо, 100% арабика, 250 г;728.00;;Стрелка;Санкт-Петербург
2848658;Кофе молотый Julius Meinl Jubilaum Юбилейный, 220 г;699.00;;Julius;Санкт-Петербург
3346385;Кофе зерновой Veronese с ароматом SICILIAN ORANGE, 200 г;503.00;;Veronese;Санкт-Петербург
2567072;Кофе в капсулах Coffesso Ethiopia Flora, 10 капсул по 5 г;290.00;;Coffesso;Санкт-Петербург
2897498;Кофе молотый CARTE NOIRE CREMA DLICE, натуральный, жареный, 230г;569.00;;CARTE;Санкт-Петербург
3346395;Кофе зерновой Veronese Crema Aroma м/у, 1000 г;1749.00;;Veronese;Санкт-Петербург
3346400;Кофе зерновой Veronese Arabica Brazil, 1000 г;1646.00;;Veronese;Санкт-Петербург
2612279;Кофе в капсулах Porto Rosso Ristretto, крепкий, 10 штук, 5 г;394.00;;Porto;Санкт-Петербург
2837583;Кофе в капсулах PORTO ROSSO Ristretto, крепкий, 50 капсул по 5 г;1193.00;;PORTO;Санкт-Петербург
3346390;Кофе зерновой Veronese HAZELNUT, 200 г;450.00;;Veronese;Санкт-Петербург
2678874;Кофе в зёрнах Ambassador Coffee Cult Brazil 1000г;1999.00;;Ambassador;Санкт-Петербург
3346389;Кофе зерновой Veronese АМАРЕТТО, 200 г;503.00;;Veronese;Санкт-Петербург
2837582;Кофе в капсулах PORTO ROSSO Espresso, 50 капсул по 5 г;1179.00;;PORTO;Санкт-Петербург
2678945;Кофе растворимый Черная Карта Exclusive Brasilia, 150 г;659.00;;Черная;Санкт-Петербург
2569100;Кофе в капсулах молотый EGOISTE Espresso,для системы Nespresso, 10 капсул по 5 г;411.00;;EGOISTE;Санкт-Петербург
1853451;"Кофе в капсулах Coffesso ""Crema Delicato"", 20 штук";478.00;;Coffesso;Санкт-Петербург
5938960;Кофе молотый в дрип-пакетах MONARCH, 6 штук по 11г;323.00;;MONARCH;Санкт-Петербург
2824262;Кофе растворимый DArte Light, сублимированный, 100 г;447.00;;DArte;Санкт-Петербург
2767628;Кофе в зернах Belmio Ristretto Blend, 60% арабика, 500 г;1199.00;;Belmio;Санкт-Петербург
3603683;Кофе в капсулах EPSILONPRESSO ROMA 10 шт;369.00;;EPSILONPRESSO;Санкт-Петербург
2767629;Кофе в капсулах молотый Belmio Chocolate Therapy, для системы Nespresso, 10 штук;299.00;;Belmio;Санкт-Петербург
3324464;Кофе в капсулах Poetti Leggenda Vanillito для системы Nespresso, 10 штук х 5.3г;336.00;;Poetti;Санкт-Петербург
5843806;Кофе в зернах Face to Face, Colombia, 1000 г;2288.00;;Face;Санкт-Петербург
2767623;Кофе в капсулах молотый Belmio Lungo Delicato, для системы Nespresso, 10 штук;375.00;;Belmio;Санкт-Петербург
3583470;Кофе в зернах Alta Roma Intenso 500г;980.00;;Alta;Санкт-Петербург
5867196;Кофе растворимый MacCoffee Arabica, сублимированный, 30 штук;415.00;;MacCoffee;Санкт-Петербург
3324463;Набор кофе в капсулах Poetti Soul для системы Nespresso,микс вкусов, 120 шт;3399.00;;Набор;Санкт-Петербург
2837584;Кофе в капсулах PORTO ROSSO Americano, мягкий, 50 капсул по 5 г;974.00;;PORTO;Санкт-Петербург
3603679;Кофе в  капсулах  EPSILONPRESSO  ESPRESSO ITALIANO 10 шт;402.00;;EPSILONPRESSO;Санкт-Петербург
5752698;Кофе молотый в дрип-пакетах MONTARO LUXURY OSAKA STYLE, 6 штук х 11 г;329.00;;MONTARO;Санкт-Петербург
5752699;Кофе молотый в дрип-пакетах MONTARO LUXURY KYOTO STYLE, 6 штук х 11 г;322.00;;MONTARO;Санкт-Петербург
5825827;Кофе в зернах, Стрелка кофе Колумбия Супремо Дарк, 100% арабика, 250 г;561.00;;Стрелка;Санкт-Петербург
5825236;Кофе в капсулах Absolut Drive ЭСПРЕССО, для кофемашин Dolce Gusto , 16  шт;549.00;;Absolut;Санкт-Петербург
3743461;Кофе растворимый EGOISTE V.S., сублимированный, молотый в растворимом, 100г;964.00;;EGOISTE;Санкт-Петербург
5843804;Кофе в зернах Face to Face Ethiopia, 1000 г;1899.00;;Face;Санкт-Петербург
5825240;Кофе в капсулах Absolut Drive RAF Халва для кофемашин Dolce Gusto, 12 штук;529.00;;Absolut;Санкт-Петербург
5825238;Кофе в капсулах Absolut Drive RAF Апельсин для  кофемашин Dolce Gusto,12 шт;529.00;;Absolut;Санкт-Петербург
5867197;Кофе растворимый MacCoffee Gold, сублимированный, 30 штук;331.00;;MacCoffee;Санкт-Петербург
5847151;Кофе молотый CARTE NOIRE PREMIER CRU COLOMBIA, натуральный жареный, 200г;559.00;;CARTE;Санкт-Петербург
3583461;Кофе в зернах Alta Roma Blend №3 1кг;2123.00;;Alta;Санкт-Петербург
2694819;Кофе растворимый CARTE NOIRE Privilege, натуральный, сублимированный, 95 г;520.00;;CARTE;Санкт-Петербург
3583466;Кофе в зернах Alta Roma Blend №2, 1кг;1715.00;;Alta;Санкт-Петербург
5825860;Кофе молотый в дрип-пакетах Стрелка кофе Эфиопия Сидамо, 100% арабика, 6 шт х 11,5 г;299.00;;Стрелка;Санкт-Петербург
5825872;Кофе в зернах, Стрелка кофе Бразилия Сантос Эспрессо, 100% арабика, 1 кг;1943.00;;Стрелка;Санкт-Петербург
5825241;"Набор кофе в капсулах Absolut Drive ""RAF COFFEE TIME"", для кофемашин Dolce Gusto, 20 штук";912.00;;Набор;Санкт-Петербург
5825233;Кофе в капсулах Absolut Drive RAF Вишня для кофемашин Dolce Gusto, 12 штук;529.00;;Absolut;Санкт-Петербург
5847154;Кофе в зернах CARTE NOIRE Original, натуральный жареный, 200г;520.00;;CARTE;Санкт-Петербург
5847166;Кофе в зернах CARTE NOIRE PREMIER CRU COLOMBIA, натуральный жареный, 200 г;520.00;;CARTE;Санкт-Петербург
5847148;Кофе в зернах CARTE NOIRE PREMIER CRU PERU, натуральный, жареный, 800г;1715.00;;CARTE;Санкт-Петербург
5825859;Кофе в зернах, Стрелка Кофе Итали, арабика Бразилия / робуста Вьетнам, 250 г;699.00;;Стрелка;Санкт-Петербург
3346388;Кофе зерновой Veronese IRISH CREAM, 200 г;440.00;;Veronese;Санкт-Петербург
